Itemset,Support,Avg_Log_Qty,Max_Qty,Length
JUMBO BAG PINK POLKADOT + JUMBO BAG RED RETROSPOT,825,1.9472210581521987,800.0,2
GREEN REGENCY TEACUP AND SAUCER + ROSES REGENCY TEACUP AND SAUCER ,768,1.7022849005200558,192.0,2
JUMBO STORAGE BAG SUKI + JUMBO BAG RED RETROSPOT,724,1.8218998153661354,200.0,2
JUMBO SHOPPER VINTAGE RED PAISLEY + JUMBO BAG RED RETROSPOT,680,1.7751675820693114,200.0,2
LUNCH BAG SUKI  DESIGN  + LUNCH BAG RED RETROSPOT,655,1.8228459890858237,150.0,2
LUNCH BAG  BLACK SKULL. + LUNCH BAG RED RETROSPOT,641,1.8306479150204642,100.0,2
ALARM CLOCK BAKELIKE GREEN + ALARM CLOCK BAKELIKE RED ,640,1.6056278054122983,300.0,2
PINK REGENCY TEACUP AND SAUCER + GREEN REGENCY TEACUP AND SAUCER,633,1.7046070286152242,192.0,2
LUNCH BAG RED RETROSPOT + LUNCH BAG PINK POLKADOT,606,1.8458747747581763,100.0,2
PINK REGENCY TEACUP AND SAUCER + ROSES REGENCY TEACUP AND SAUCER ,599,1.7228570128358967,192.0,2
