Cores,Algorithm,Support,Total Time (s)
20 Cores,Apriori,0.03,29.622865200042725
20 Cores,Apriori,0.025,67.6934130191803
20 Cores,Apriori,0.02,162.76897716522217
20 Cores,FP-Growth,0.03,18.70336151123047
20 Cores,FP-Growth,0.025,21.878742218017578
20 Cores,FP-Growth,0.02,38.03925013542175
20 Cores,SON,0.03,30.977793216705322
20 Cores,SON,0.025,79.24647355079651
20 Cores,SON,0.02,189.43038201332092
10 Cores,Apriori,0.03,30.716171264648438
10 Cores,Apriori,0.025,90.97272038459778
10 Cores,Apriori,0.02,228.56609225273132
10 Cores,FP-Growth,0.03,19.436545372009277
10 Cores,FP-Growth,0.025,21.84765911102295
10 Cores,FP-Growth,0.02,37.70892524719238
10 Cores,SON,0.03,31.50954270362854
10 Cores,SON,0.025,101.21172738075256
10 Cores,SON,0.02,264.80999636650085
4 Cores,Apriori,0.03,50.42351794242859
4 Cores,Apriori,0.025,150.63537454605103
4 Cores,Apriori,0.02,486.55297899246216
4 Cores,FP-Growth,0.03,14.613614797592163
4 Cores,FP-Growth,0.025,20.428582668304443
4 Cores,FP-Growth,0.02,27.871694803237915
4 Cores,SON,0.03,52.613525390625
4 Cores,SON,0.025,165.93893313407898
4 Cores,SON,0.02,513.6499991416931
